id,happiness
8001,3.816645145
8002,3.257468939
8003,3.467409372
8004,4.17751503
8005,3.413528442
8006,4.115773678
8007,3.995545864
8008,4.447323799
8009,4.101410151
8010,2.732470632
8011,3.170378685
8012,3.926772118
8013,4.217078924
8014,3.62570405
8015,3.767101765
8016,4.51902914
8017,3.708474636
8018,4.3318398
8019,3.860597849
8020,4.142361641
8021,3.970738649
8022,3.687668324
8023,4.103208542
8024,3.704022408
8025,3.002533197
8026,3.980894089
8027,4.270589828
8028,3.954577446
8029,4.426047564
8030,4.398925066
8031,3.84003377
8032,4.088650703
8033,4.011861801
8034,3.559008598
8035,3.60625577
8036,4.167597055
8037,4.102612972
8038,4.037521601
8039,3.449621201
8040,4.080640316
8041,4.359511137
8042,3.866975546
8043,4.049260139
8044,3.61314249
8045,4.281753302
8046,3.810863256
8047,4.187918901
8048,4.034481525
8049,3.935580254
8050,4.31552887
8051,3.481625557
8052,4.334828377
8053,3.029074669
8054,3.890487909
8055,4.196895361
8056,2.76044023
8057,3.870116234
8058,3.327680111
8059,3.007642746
8060,4.063016176
8061,2.889134169
8062,3.666290283
8063,4.012322903
8064,4.082718372
8065,4.097765923
8066,4.24344945
8067,4.318263531
8068,4.087887526
8069,3.689302206
8070,4.131040573
8071,4.026209593
8072,4.425043583
8073,3.686381817
8074,3.889907122
8075,3.061705351
8076,3.447157621
8077,3.708283424
8078,3.449499607
8079,4.604384422
8080,3.933139086
8081,3.839184761
8082,3.962968349
8083,4.450271606
8084,4.367589951
8085,4.683324575
8086,4.119344711
8087,3.794082403
8088,4.267434835
8089,3.538022995
8090,3.959223032
8091,4.097267389
8092,3.768068075
8093,4.081371546
8094,4.260014057
8095,4.7221632
8096,3.329590797
8097,4.266599178
8098,3.821077824
8099,3.665591955
8100,4.077679157
8101,4.210954666
8102,4.050778389
8103,3.62554431
8104,4.568440437
8105,4.064183712
8106,4.388864517
8107,4.507317781
8108,4.081986666
8109,3.67101264
8110,3.700339556
8111,4.221387625
8112,3.694423676
8113,3.981347561
8114,4.3288517
8115,4.073345423
8116,4.173531771
8117,3.773410559
8118,3.686393738
8119,3.887329578
8120,4.582992315
8121,3.100316525
8122,4.202627897
8123,3.565362215
8124,3.765401602
8125,4.109829187
8126,4.500322104
8127,1.804325342
8128,4.229781866
8129,3.786090612
8130,3.946045399
8131,3.876278162
8132,4.265594721
8133,4.182132721
8134,4.147195816
8135,4.01155901
8136,4.361456156
8137,4.003615379
8138,3.707330942
8139,4.12172842
8140,2.806274772
8141,4.04236722
8142,3.74847579
8143,4.595745564
8144,3.596315145
8145,4.011072397
8146,1.874399602
8147,4.152400494
8148,2.434227109
8149,3.610557795
8150,3.898763895
8151,2.688221574
8152,4.054558039
8153,3.51135397
8154,3.968030691
8155,3.794190645
8156,3.724757433
8157,3.186873913
8158,3.414675951
8159,4.051345348
8160,4.137554169
8161,3.599734783
8162,3.936374903
8163,4.110804319
8164,3.829854965
8165,4.054574728
8166,4.355924606
8167,3.821162224
8168,3.1881845
8169,3.225427389
8170,3.910687208
8171,3.91293478
8172,3.838169098
8173,3.805547714
8174,3.766072512
8175,3.744130135
8176,4.283759832
8177,2.386440873
8178,4.753865957
8179,4.31741786
8180,3.12623024
8181,3.55149889
8182,3.862520695
8183,3.748184919
8184,3.860961676
8185,3.355813742
8186,3.602100372
8187,4.066755295
8188,3.811440468
8189,3.986553907
8190,4.194375992
8191,3.824819088
8192,3.815445185
8193,3.875145435
8194,4.146242857
8195,4.549664497
8196,3.231726885
8197,3.924505949
8198,4.262825727
8199,4.108188868
8200,4.643516779
8201,3.283345461
8202,3.953640461
8203,3.936645746
8204,4.111860275
8205,4.136667967
8206,3.753865957
8207,3.830400705
8208,4.089458942
8209,4.0602386
8210,3.714633226
8211,3.671082735
8212,4.12662816
8213,4.275204897
8214,4.29907465
8215,3.592442989
8216,3.710995913
8217,3.502607822
8218,3.746251106
8219,3.734740257
8220,3.972195864
8221,4.566083908
8222,3.934694767
8223,2.932411432
8224,3.749893665
8225,4.125296831
8226,3.906459808
8227,4.313614368
8228,3.353345633
8229,4.207059383
8230,3.449397564
8231,3.919332743
8232,3.707481623
8233,3.898128033
8234,3.911683559
8235,3.621556759
8236,3.185623169
8237,3.543958902
8238,3.887791157
8239,3.659827232
8240,3.301654816
8241,3.477553368
8242,3.775904417
8243,4.375320435
8244,4.02108717
8245,3.451114178
8246,3.938365459
8247,3.888698578
8248,4.038303375
8249,4.893311739
8250,3.959904432
8251,4.385507584
8252,4.367329836
8253,3.865257978
8254,3.908198357
8255,3.699935913
8256,3.864730358
8257,3.884228706
8258,3.043341398
8259,4.362928867
8260,3.946027279
8261,4.131568909
8262,3.894768715
8263,4.165844679
8264,4.060839653
8265,4.381220579
8266,3.257524252
8267,3.487739563
8268,3.970798254
8269,3.395405531
8270,3.543637991
8271,3.136215687
8272,4.054876089
8273,3.583134651
8274,3.629523754
8275,4.310601473
8276,4.120694637
8277,4.05446434
8278,3.887875795
8279,4.408201218
8280,4.211076736
8281,4.126839638
8282,4.049670696
8283,3.990154266
8284,4.177483559
8285,3.936922073
8286,2.299839139
8287,4.45648694
8288,3.738931179
8289,4.055754185
8290,4.069643259
8291,4.160147429
8292,4.128507853
8293,3.486036301
8294,4.483605385
8295,3.431961775
8296,4.143997192
8297,3.62943244
8298,4.862192631
8299,2.608702898
8300,3.556027174
8301,3.931863546
8302,4.365114689
8303,4.124385357
8304,4.091467619
8305,3.914670229
8306,4.615800858
8307,4.469924212
8308,4.383194685
8309,3.808963776
8310,4.104084492
8311,4.179419518
8312,4.857135296
8313,4.293868303
8314,3.227100134
8315,4.042189121
8316,4.058375359
8317,4.027262211
8318,4.051401377
8319,3.339782476
8320,3.909971952
8321,4.464660645
8322,4.139838696
8323,3.841263294
8324,3.674173594
8325,4.129633904
8326,4.361144781
8327,3.827456474
8328,4.166326761
8329,2.884120107
8330,4.313524723
8331,4.283321619
8332,3.940059185
8333,3.079253435
8334,4.320252419
8335,3.626794815
8336,3.976469755
8337,3.683418036
8338,4.278895378
8339,3.667194366
8340,3.531631708
8341,3.966855526
8342,4.114862442
8343,3.388774157
8344,4.191340446
8345,3.782240868
8346,3.16933322
8347,3.006657839
8348,4.068981886
8349,4.043921471
8350,3.579603672
8351,4.008182287
8352,3.827409029
8353,3.287535906
8354,4.005801916
8355,3.648104191
8356,4.419800997
8357,3.855126619
8358,3.881785631
8359,3.735983372
8360,3.969838142
8361,3.988978148
8362,4.158237696
8363,3.425997257
8364,3.446834564
8365,3.738977194
8366,3.78044939
8367,4.09723115
8368,4.279047012
8369,3.357891798
8370,3.165379047
8371,4.357508659
8372,3.869296551
8373,2.186202288
8374,3.317967653
8375,4.380084276
8376,4.65463829
8377,4.18538785
8378,3.8673141
8379,4.352755785
8380,3.385007381
8381,4.397858143
8382,3.940764666
8383,4.280058861
8384,3.514307737
8385,3.810732603
8386,4.154751062
8387,4.002174377
8388,4.006135464
8389,3.427308083
8390,4.091330051
8391,3.804758787
8392,3.891344309
8393,4.115503788
8394,4.322067261
8395,4.144716978
8396,3.887074471
8397,3.858269691
8398,3.47210145
8399,4.036566734
8400,4.247184992
8401,4.460981369
8402,3.782710075
8403,4.477782011
8404,3.87693119
8405,4.643678665
8406,4.165668249
8407,3.841181278
8408,4.715491772
8409,4.386022806
8410,3.597654104
8411,4.055113316
8412,3.31684804
8413,3.963736773
8414,4.18942523
8415,3.309119701
8416,4.062558889
8417,4.18854022
8418,4.647296667
8419,3.572767258
8420,3.714325905
8421,3.784690619
8422,3.42509985
8423,4.281686306
8424,2.976407409
8425,4.005818605
8426,4.097382069
8427,3.599592447
8428,4.334430933
8429,3.753675938
8430,4.513539791
8431,4.108566284
8432,4.349021673
8433,3.908829212
8434,3.978233337
8435,3.834565401
8436,3.666033268
8437,3.966575384
8438,4.178250074
8439,3.338662386
8440,2.915730238
8441,4.09396553
8442,4.052405834
8443,4.059238195
8444,3.749908924
8445,3.486198425
8446,3.636683464
8447,3.497073412
8448,3.387631178
8449,3.784698963
8450,3.516885281
8451,2.834347725
8452,3.137596846
8453,4.173402071
8454,4.318052769
8455,3.754831076
8456,4.124231815
8457,3.639017105
8458,3.983507395
8459,4.253453016
8460,3.662311792
8461,3.864051819
8462,3.472694159
8463,3.947234392
8464,3.630924225
8465,3.669298887
8466,4.60249877
8467,3.186094046
8468,3.674802065
8469,4.237136841
8470,3.589631081
8471,4.051624775
8472,4.256788731
8473,4.365081787
8474,4.082086325
8475,3.814374924
8476,4.12507391
8477,4.182315111
8478,3.797287941
8479,4.106485128
8480,3.150834799
8481,4.072557688
8482,3.147139549
8483,3.598458529
8484,4.254820585
8485,4.003955364
8486,4.908948898
8487,4.110503197
8488,4.007526398
8489,4.753607273
8490,3.997983217
8491,4.305646658
8492,4.216055155
8493,4.25860405
8494,3.373852015
8495,4.051015854
8496,4.834831715
8497,2.151007175
8498,3.43123889
8499,4.231687069
8500,3.578218699
8501,4.511193752
8502,3.390247107
8503,4.398955345
8504,3.585115433
8505,2.682898402
8506,4.408452749
8507,4.024610043
8508,3.236278057
8509,4.601565361
8510,3.922306538
8511,3.900705099
8512,4.170447826
8513,3.745900154
8514,4.268177032
8515,3.657703876
8516,3.330035925
8517,3.529797077
8518,2.803515553
8519,4.501199484
8520,4.328084469
8521,3.829137087
8522,3.076506138
8523,3.711143494
8524,3.819687843
8525,3.807679653
8526,4.699182749
8527,3.268149137
8528,3.198065281
8529,3.663945198
8530,4.25472641
8531,4.182028532
8532,4.00837326
8533,3.701551199
8534,4.214231491
8535,4.076553345
8536,4.158736467
8537,3.586224079
8538,4.055435419
8539,4.182353497
8540,4.218224287
8541,4.147755623
8542,3.686314583
8543,3.391061783
8544,3.947896481
8545,3.943898678
8546,4.133911848
8547,3.968889952
8548,4.530412436
8549,3.025849819
8550,3.848721743
8551,4.038332224
8552,4.30276227
8553,4.441461086
8554,3.680935144
8555,4.321896791
8556,3.998173714
8557,3.791825771
8558,3.770236015
8559,3.843746662
8560,2.973010898
8561,3.994615555
8562,4.255824566
8563,3.522638559
8564,4.350888491
8565,4.245932341
8566,4.16462779
8567,4.287146568
8568,3.091184616
8569,2.2406075
8570,4.106741428
8571,4.104234457
8572,3.314728498
8573,1.104510605
8574,3.807177305
8575,3.868823767
8576,3.761497021
8577,3.822869778
8578,3.42329073
8579,3.998098135
8580,4.388645649
8581,4.076893806
8582,3.603366852
8583,4.368042707
8584,3.894967318
8585,3.88968277
8586,4.198989868
8587,3.77030015
8588,4.843055964
8589,4.379234552
8590,4.183366537
8591,4.334427118
8592,3.75381422
8593,3.865958691
8594,3.920851946
8595,3.083302259
8596,4.203933477
8597,3.72437644
8598,3.735841036
8599,3.814617872
8600,3.813311338
8601,3.002949476
8602,3.016888857
8603,3.571438551
8604,3.524302244
8605,3.394849062
8606,4.120081663
8607,3.867910624
8608,3.835753918
8609,4.310308456
8610,3.173716545
8611,4.394573212
8612,3.807091475
8613,3.821718454
8614,3.836655378
8615,4.269465685
8616,4.420646667
8617,3.918556452
8618,3.707739353
8619,4.444627047
8620,4.38437295
8621,2.119248748
8622,4.264502287
8623,4.561656713
8624,3.325413465
8625,2.692231655
8626,4.120115757
8627,4.070653439
8628,4.406722307
8629,4.185798883
8630,4.147296429
8631,3.580621958
8632,3.083707809
8633,3.90252614
8634,4.067322016
8635,3.286707401
8636,3.584830284
8637,3.506073236
8638,4.073195219
8639,2.847076297
8640,3.380653858
8641,4.336601257
8642,3.24804759
8643,4.157281399
8644,4.291236877
8645,3.233685017
8646,3.418758869
8647,3.237812042
8648,4.115058184
8649,4.623406649
8650,3.517552853
8651,3.929996729
8652,3.000747204
8653,4.005029917
8654,4.433710575
8655,3.322517157
8656,4.040399075
8657,4.317647934
8658,3.02714777
8659,3.090806246
8660,3.910265684
8661,3.960479975
8662,3.964560747
8663,4.466332674
8664,3.432838678
8665,4.092359066
8666,3.98876524
8667,4.308246136
8668,4.024588585
8669,3.477555275
8670,3.778485537
8671,3.721197367
8672,4.058962345
8673,2.538785934
8674,4.431319714
8675,3.121594906
8676,4.299670458
8677,3.787423611
8678,3.951746464
8679,3.94219923
8680,2.796285629
8681,3.518698692
8682,3.566605091
8683,4.03015089
8684,4.243898392
8685,3.912078142
8686,4.100610018
8687,4.229598284
8688,4.383459091
8689,4.235073805
8690,4.038893938
8691,3.995833874
8692,4.02707386
8693,3.819408178
8694,2.760659575
8695,3.903138638
8696,4.275151491
8697,4.003091574
8698,4.027871609
8699,4.024211645
8700,4.489724159
8701,4.50270915
8702,4.096127033
8703,4.151287317
8704,3.836725712
8705,3.352414131
8706,3.384098291
8707,4.033891678
8708,4.394129515
8709,3.437449932
8710,4.116408825
8711,3.688409805
8712,4.24297142
8713,4.300359249
8714,3.666433334
8715,4.948619127
8716,3.737899303
8717,4.41200757
8718,3.555615425
8719,4.091739893
8720,3.819345951
8721,3.499562025
8722,3.772292376
8723,3.310165405
8724,4.158516884
8725,2.753381848
8726,3.76275301
8727,3.943536997
8728,3.625181913
8729,4.450679064
8730,3.222135544
8731,3.993575096
8732,4.224944592
8733,4.302966118
8734,3.593367577
8735,4.066690445
8736,3.416276455
8737,4.259666204
8738,4.207217932
8739,4.306892395
8740,3.755126953
8741,3.870961666
8742,3.974224329
8743,3.962690115
8744,3.506308794
8745,3.868798256
8746,4.054482222
8747,4.168181419
8748,5.088402748
8749,4.205430984
8750,4.088859081
8751,4.234069347
8752,3.335653782
8753,4.187236547
8754,3.697487354
8755,4.102205038
8756,2.595841646
8757,4.168218136
8758,4.027233124
8759,4.270414114
8760,3.559408665
8761,3.54548645
8762,1.814175963
8763,3.624141216
8764,3.753235579
8765,3.776939154
8766,4.268674374
8767,3.874968052
8768,3.874791861
8769,3.876840353
8770,3.858222008
8771,4.374224901
8772,3.937458992
8773,4.219816923
8774,3.806709528
8775,3.827600241
8776,4.304656267
8777,4.264128923
8778,3.651031733
8779,3.477713823
8780,3.485006809
8781,2.962524414
8782,4.542402506
8783,4.400094032
8784,4.077952385
8785,4.198981762
8786,3.899815321
8787,3.256964684
8788,3.750301361
8789,3.873918533
8790,3.953510761
8791,2.921421051
8792,3.462043524
8793,3.923880339
8794,4.471391439
8795,4.357289076
8796,4.54216814
8797,3.132277489
8798,4.083595276
8799,4.147287607
8800,3.563127279
8801,3.782995224
8802,3.071374416
8803,3.894511938
8804,4.083494902
8805,3.476389408
8806,3.797692299
8807,4.117059231
8808,4.799868584
8809,3.950726271
8810,4.448185682
8811,2.498043299
8812,4.124019623
8813,4.831921101
8814,4.022665977
8815,4.555294514
8816,3.461237669
8817,3.620855331
8818,4.039951324
8819,3.851013899
8820,2.829503536
8821,4.063192844
8822,3.431573629
8823,4.264223337
8824,3.898615837
8825,3.644687891
8826,3.564127207
8827,4.102554083
8828,3.752372265
8829,3.187097788
8830,3.488401651
8831,4.750852585
8832,3.528611898
8833,4.417379141
8834,3.857182503
8835,3.856560707
8836,3.259544134
8837,3.905666113
8838,3.991151094
8839,4.188151836
8840,4.214596748
8841,4.240200043
8842,4.462261438
8843,4.297831297
8844,3.927197218
8845,4.482303858
8846,4.318351746
8847,3.047156811
8848,3.348748207
8849,2.542424083
8850,2.244021773
8851,3.935000896
8852,3.678331852
8853,4.285316706
8854,3.825109482
8855,3.472688198
8856,3.763580084
8857,3.837211847
8858,3.639665604
8859,3.147258997
8860,3.84812212
8861,3.618611813
8862,3.428391457
8863,4.179080963
8864,4.189982176
8865,4.189192057
8866,3.776238441
8867,4.119531631
8868,4.224644899
8869,3.556217432
8870,4.061690092
8871,3.777340412
8872,4.231894493
8873,3.367839098
8874,3.008648396
8875,3.881059647
8876,3.342813969
8877,4.429564476
8878,4.128278017
8879,4.075409174
8880,4.232901096
8881,4.367835283
8882,3.354368925
8883,3.186318159
8884,3.820734024
8885,3.906783342
8886,2.871978283
8887,3.493818045
8888,4.724810839
8889,3.441972971
8890,4.212670326
8891,4.0172925
8892,3.682879686
8893,4.089550495
8894,3.95448637
8895,4.79564786
8896,4.165025949
8897,4.201187611
8898,3.597766638
8899,4.626578808
8900,3.65809679
8901,4.169757843
8902,3.207947731
8903,3.801667213
8904,3.771025419
8905,3.5052526
8906,3.026898384
8907,4.220757961
8908,2.633478642
8909,4.203029871
8910,4.507259369
8911,4.419449329
8912,4.637601852
8913,4.145850897
8914,4.589113951
8915,4.367795706
8916,3.787981033
8917,3.223041296
8918,4.406628132
8919,4.366989851
8920,3.518693686
8921,3.347843885
8922,4.329161644
8923,3.801281929
8924,4.023333788
8925,3.571410894
8926,4.207489491
8927,4.378044844
8928,3.208162785
8929,4.381181955
8930,4.497349024
8931,3.433790684
8932,3.61609149
8933,2.987781405
8934,4.167310715
8935,3.620854378
8936,3.918463707
8937,3.465212107
8938,3.730207205
8939,4.038704157
8940,3.857307434
8941,2.980309248
8942,4.133134127
8943,3.321215153
8944,3.519344807
8945,4.25062561
8946,4.077013969
8947,3.662345409
8948,4.050040722
8949,3.765110731
8950,3.910765886
8951,2.856309175
8952,4.313304663
8953,3.558215618
8954,4.176299095
8955,3.275584936
8956,3.554897547
8957,4.327766657
8958,4.106936693
8959,4.23873353
8960,4.215041399
8961,3.773416758
8962,4.168194056
8963,3.961502075
8964,4.202253819
8965,4.206813335
8966,4.093695402
8967,4.181018114
8968,3.797918797
8969,4.506893873
8970,3.897846699
8971,3.969753027
8972,2.754051924
8973,3.191308498
8974,4.139505863
8975,3.842033625
8976,4.04867053
8977,4.250324726
8978,3.824806452
8979,4.177583933
8980,3.721112728
8981,4.087502003
8982,3.294220209
8983,4.113046885
8984,3.541560173
8985,4.1231215
8986,4.29265523
8987,3.660720348
8988,4.150942802
8989,4.274415016
8990,3.459735632
8991,4.239715815
8992,3.921319485
8993,3.000380754
8994,3.873861313
8995,4.154182673
8996,3.712182283
8997,3.546601534
8998,3.937623978
8999,4.122468233
9000,3.852902174
9001,4.121683121
9002,4.626710892
9003,4.059328794
9004,2.629483104
9005,4.096684456
9006,4.176586866
9007,3.402576923
9008,3.499602556
9009,4.010426521
9010,4.246965885
9011,4.477149963
9012,4.043823242
9013,3.631577015
9014,3.912764311
9015,3.399712324
9016,4.3927598
9017,4.208071947
9018,3.941263437
9019,3.772442102
9020,3.940846205
9021,4.301593781
9022,4.296336412
9023,2.770714402
9024,3.962469101
9025,3.262343407
9026,4.305316925
9027,3.54584527
9028,4.100288153
9029,3.417411804
9030,3.896113396
9031,4.186171532
9032,4.454400778
9033,3.50844121
9034,4.369741678
9035,4.220802069
9036,3.722333908
9037,4.1570189
9038,4.042339802
9039,2.572258234
9040,3.628220797
9041,3.604810953
9042,3.132723331
9043,3.832494259
9044,3.741848469
9045,3.301384211
9046,3.441305161
9047,2.35202682
9048,4.495677471
9049,4.180941582
9050,4.223155499
9051,3.902951002
9052,3.670506716
9053,3.933559656
9054,2.805952072
9055,3.773824692
9056,3.640099525
9057,4.346294641
9058,4.254167318
9059,3.971692324
9060,4.146854401
9061,3.896986485
9062,3.518863201
9063,3.998222828
9064,3.985183954
9065,3.998349905
9066,3.159581423
9067,3.809313297
9068,3.832278728
9069,3.400858879
9070,4.368763208
9071,3.492270231
9072,3.953424931
9073,4.237445354
9074,3.040091991
9075,2.780251384
9076,3.683460951
9077,4.264400482
9078,3.536202192
9079,4.411294937
9080,3.621855259
9081,4.186713457
9082,3.595709801
9083,3.945362329
9084,3.989639282
9085,4.676836967
9086,3.745495796
9087,4.519626856
9088,3.741137981
9089,4.245629072
9090,3.633003473
9091,3.392749786
9092,3.904026747
9093,3.82956171
9094,4.010743141
9095,4.0688622
9096,4.193378925
9097,3.544147968
9098,3.691387177
9099,3.497374773
9100,4.279026508
9101,4.230772734
9102,4.165471792
9103,4.147164106
9104,3.651671886
9105,3.543347359
9106,3.634624958
9107,4.141199827
9108,4.490211725
9109,4.410406351
9110,3.796684504
9111,4.379404306
9112,3.70456028
9113,4.147785902
9114,3.857738972
9115,3.626102448
9116,4.00484395
9117,4.247210503
9118,4.235783577
9119,4.057017326
9120,4.129771233
9121,3.808042765
9122,3.982023478
9123,3.649496317
9124,3.765530825
9125,3.823712111
9126,3.559653521
9127,4.290811539
9128,4.001839876
9129,3.490694046
9130,2.503205061
9131,4.180933714
9132,3.737947226
9133,3.918765545
9134,4.184454441
9135,3.993243694
9136,4.23457408
9137,3.891470194
9138,3.69691968
9139,3.093369961
9140,5.181416512
9141,3.628763199
9142,4.297133923
9143,2.940282106
9144,3.96053791
9145,4.059297323
9146,4.005141973
9147,2.3954283
9148,3.631205082
9149,4.403300524
9150,4.05948329
9151,4.361604691
9152,4.060025692
9153,4.629972219
9154,4.143810034
9155,4.049150705
9156,4.06575346
9157,4.062814713
9158,3.340084791
9159,3.790405989
9160,2.38290894
9161,3.111654282
9162,3.996917248
9163,4.219714642
9164,4.128927469
9165,4.049484968
9166,4.094333649
9167,3.818426609
9168,4.107397318
9169,3.950088739
9170,4.136564255
9171,3.194159746
9172,4.379538536
9173,4.326330423
9174,3.883261204
9175,4.527341127
9176,3.667089224
9177,4.197012186
9178,3.237985373
9179,3.676583767
9180,3.751832724
9181,4.211397171
9182,1.826540112
9183,4.197915554
9184,3.305737257
9185,3.264369488
9186,3.987865448
9187,3.834829807
9188,3.386548281
9189,4.121767044
9190,1.633595824
9191,4.089704752
9192,3.960403204
9193,4.391211987
9194,3.909040928
9195,4.004215717
9196,3.627490997
9197,4.277505875
9198,3.954010487
9199,4.714679718
9200,3.664975882
9201,3.624959469
9202,3.60739851
9203,4.080818892
9204,3.938634872
9205,4.241291046
9206,4.408867598
9207,3.415333271
9208,3.999372005
9209,4.023765564
9210,4.638213634
9211,3.042413473
9212,3.919277906
9213,3.930922985
9214,4.445680618
9215,4.116749048
9216,3.906968117
9217,3.7712183
9218,4.201478004
9219,4.30257678
9220,3.886460066
9221,4.18333602
9222,3.063423872
9223,3.873838186
9224,3.279004812
9225,3.596247673
9226,3.792433262
9227,2.440810204
9228,3.702724934
9229,3.424690247
9230,4.088067293
9231,3.842250586
9232,3.928560734
9233,4.429884911
9234,4.0457201
9235,2.609772086
9236,4.136134148
9237,4.103001118
9238,3.691383123
9239,3.609981775
9240,3.729785919
9241,4.699734211
9242,3.920893908
9243,4.324615717
9244,3.630152941
9245,3.7187078
9246,4.334115267
9247,3.990334272
9248,4.255397797
9249,4.077516794
9250,4.254092216
9251,3.097058058
9252,4.548159122
9253,3.536299944
9254,3.761645079
9255,4.323213577
9256,3.935254812
9257,4.087378025
9258,3.896806002
9259,4.053432703
9260,4.050702572
9261,3.828457117
9262,3.713742256
9263,3.267201185
9264,3.641874313
9265,4.305068731
9266,3.802749634
9267,3.674289227
9268,4.335000992
9269,3.812386036
9270,4.682463646
9271,4.669866085
9272,4.257167101
9273,3.624641418
9274,2.430168152
9275,4.414958477
9276,4.067191124
9277,3.847398043
9278,3.347548962
9279,4.20674634
9280,3.404386759
9281,4.115319014
9282,4.246192694
9283,3.68668294
9284,4.337665796
9285,3.629276037
9286,3.87439537
9287,4.246244907
9288,2.389341712
9289,3.571643353
9290,3.540051937
9291,4.411337376
9292,3.352072477
9293,3.702314854
9294,4.011491776
9295,2.625171542
9296,4.515989304
9297,3.969088554
9298,3.248828411
9299,3.134998798
9300,3.809267044
9301,4.179873228
9302,4.29644537
9303,4.412701845
9304,3.015202522
9305,3.999319077
9306,3.80675745
9307,3.974055052
9308,4.246719122
9309,3.923089027
9310,3.053253174
9311,4.475478649
9312,2.793414354
9313,4.507535696
9314,3.771132708
9315,3.363698721
9316,4.010848761
9317,3.832411528
9318,3.514952183
9319,4.206284285
9320,3.757850409
9321,4.044923306
9322,4.089258432
9323,3.948706388
9324,3.19998312
9325,3.608914137
9326,3.727659225
9327,4.435595512
9328,2.993052602
9329,4.00037837
9330,3.65166688
9331,3.816410065
9332,4.426431179
9333,3.949208498
9334,3.744389057
9335,3.790228844
9336,3.751123428
9337,4.118581057
9338,4.394300222
9339,4.163707495
9340,3.744867086
9341,3.006717205
9342,4.004439592
9343,3.680641413
9344,4.019141674
9345,3.43549633
9346,3.820004463
9347,3.40906477
9348,3.301760435
9349,3.738684654
9350,3.374866009
9351,4.06767416
9352,3.882254124
9353,3.026118994
9354,3.98388648
9355,4.390103102
9356,3.704052448
9357,4.138041735
9358,3.979793072
9359,3.357143164
9360,2.386523247
9361,4.026488781
9362,4.170812368
9363,3.942050934
9364,3.38898921
9365,2.932927012
9366,3.976158381
9367,4.008540392
9368,4.559036493
9369,4.218651056
9370,4.329955578
9371,3.765764952
9372,4.122765541
9373,4.031670809
9374,3.578403234
9375,3.971839666
9376,3.626326323
9377,4.036459208
9378,3.888122082
9379,4.445781469
9380,3.919400454
9381,4.078235149
9382,4.453286886
9383,3.544673443
9384,4.150082827
9385,3.530507088
9386,4.558895588
9387,4.132284164
9388,4.421986341
9389,4.279659748
9390,4.154896021
9391,2.53293097
9392,3.704102993
9393,4.223322868
9394,4.360258818
9395,3.562689304
9396,3.69923234
9397,4.254906416
9398,3.363421679
9399,3.427475691
9400,4.003051996
9401,3.695579529
9402,3.797980785
9403,4.740713596
9404,3.551092863
9405,4.177451849
9406,3.911765099
9407,3.054173708
9408,4.248081446
9409,4.095445871
9410,3.972388029
9411,4.303900003
9412,2.435210466
9413,4.220998526
9414,3.969786644
9415,3.722751141
9416,3.517680883
9417,3.696577311
9418,4.293983459
9419,3.114220858
9420,4.18816638
9421,4.241241932
9422,3.982063532
9423,3.531243801
9424,3.135255098
9425,3.833904028
9426,3.648160458
9427,3.941582441
9428,3.760070562
9429,3.338287592
9430,3.234989166
9431,3.247261047
9432,3.810618401
9433,3.926427364
9434,3.606069565
9435,3.188742638
9436,3.956579924
9437,3.501983404
9438,3.790495872
9439,4.190516949
9440,3.211761236
9441,4.005210161
9442,3.523168325
9443,4.196851969
9444,3.962739468
9445,4.230993509
9446,4.534186363
9447,3.817368269
9448,4.082574606
9449,4.169192076
9450,3.125137568
9451,4.286606312
9452,4.214953661
9453,3.950671911
9454,3.866788864
9455,3.832971096
9456,3.868284225
9457,4.615140676
9458,3.813265324
9459,3.747598171
9460,4.047712803
9461,3.015880108
9462,3.9246912
9463,3.64384675
9464,3.301666975
9465,4.14226532
9466,3.196737051
9467,3.786352634
9468,4.011179209
9469,3.885168552
9470,3.854912758
9471,3.378329277
9472,4.126532316
9473,3.382633448
9474,4.234610081
9475,3.677628517
9476,4.924886703
9477,4.636170149
9478,2.971325159
9479,3.971763134
9480,4.515892267
9481,2.143375754
9482,4.328695059
9483,4.182108879
9484,4.74263072
9485,3.787765265
9486,4.198745489
9487,3.027546167
9488,4.294763803
9489,3.79484129
9490,4.243381739
9491,4.134301186
9492,4.270966768
9493,4.136958838
9494,2.749662995
9495,4.277057648
9496,3.485598564
9497,3.87160778
9498,4.191085339
9499,2.165859699
9500,3.76569438
9501,4.083566427
9502,4.266303778
9503,3.942543507
9504,3.874985456
9505,4.448632956
9506,3.768165112
9507,3.669548988
9508,3.775825977
9509,3.60202837
9510,3.750346899
9511,3.880994797
9512,3.956838846
9513,3.904576063
9514,3.960915089
9515,4.056703329
9516,4.254949331
9517,2.961099386
9518,3.925410032
9519,4.000285864
9520,4.218729019
9521,4.10336113
9522,3.773260355
9523,3.787237406
9524,3.834686995
9525,2.746876836
9526,3.693030596
9527,3.412799358
9528,2.971427321
9529,3.74468255
9530,4.258378267
9531,4.476054668
9532,2.871035099
9533,3.617194176
9534,2.972853065
9535,2.830470562
9536,4.113323689
9537,3.564411879
9538,4.054690599
9539,3.459820986
9540,3.378640413
9541,3.224290609
9542,4.419310331
9543,3.710796595
9544,3.172815084
9545,4.363836527
9546,3.996989727
9547,3.422141552
9548,4.108579874
9549,3.089559317
9550,4.494813681
9551,3.345098495
9552,3.987035751
9553,4.427852154
9554,3.775962591
9555,3.955767632
9556,3.600970745
9557,2.379318476
9558,3.81279254
9559,4.10833025
9560,3.776860476
9561,4.378196478
9562,4.210477114
9563,4.11866498
9564,3.418446064
9565,4.272777319
9566,4.410853148
9567,3.423203945
9568,4.090258837
9569,4.148319006
9570,4.059078693
9571,3.943287373
9572,3.781191826
9573,3.723611832
9574,3.784229279
9575,4.231956244
9576,4.394231319
9577,4.407207727
9578,3.897296667
9579,4.080240965
9580,4.022981167
9581,4.550160646
9582,3.246320248
9583,4.246146441
9584,3.052119255
9585,4.286931753
9586,3.413905144
9587,3.56819272
9588,3.398744345
9589,4.400986195
9590,4.461099863
9591,3.518135309
9592,3.806214809
9593,4.089934587
9594,3.985366821
9595,3.90625453
9596,4.074771166
9597,3.816327095
9598,4.034958601
9599,2.836138248
9600,4.48711133
9601,4.320138693
9602,4.047668695
9603,4.396724701
9604,3.529083252
9605,3.711105585
9606,4.431838036
9607,4.251672029
9608,3.412273169
9609,4.129235506
9610,3.610033989
9611,3.675442457
9612,3.785240412
9613,4.417687416
9614,4.225879669
9615,4.12873745
9616,4.082272291
9617,3.88785553
9618,3.860949278
9619,3.685902834
9620,4.01005435
9621,3.556847572
9622,3.073313475
9623,3.923613071
9624,4.130575418
9625,3.842377901
9626,4.356372833
9627,4.030740738
9628,3.975837231
9629,3.782235146
9630,3.889195681
9631,4.400250435
9632,3.838067532
9633,4.799817085
9634,3.815115213
9635,1.926535428
9636,3.392960072
9637,2.931354523
9638,3.912610292
9639,3.951108932
9640,4.077723265
9641,4.268913031
9642,3.55040741
9643,4.313287973
9644,4.040523767
9645,3.946937084
9646,4.989017963
9647,3.539715767
9648,3.809191227
9649,4.81795001
9650,3.546934605
9651,3.914801598
9652,3.939965487
9653,4.018172503
9654,4.131394386
9655,4.213885307
9656,3.947883606
9657,4.098367214
9658,4.083328485
9659,3.885219336
9660,4.27748251
9661,4.110018492
9662,4.011166811
9663,4.426794291
9664,4.363349915
9665,4.365870953
9666,3.968989134
9667,3.730490923
9668,3.819035053
9669,3.938124895
9670,3.515034914
9671,3.459971428
9672,3.153467417
9673,4.289636135
9674,3.383579016
9675,3.897639036
9676,4.178339481
9677,2.771950841
9678,4.260774612
9679,3.733202696
9680,4.231471062
9681,4.293842077
9682,4.07536602
9683,4.423742294
9684,4.625525236
9685,4.137560368
9686,4.171082735
9687,3.726864576
9688,4.243844748
9689,4.088865042
9690,2.689210176
9691,4.479392052
9692,4.072179317
9693,4.092868805
9694,3.912889242
9695,3.499237776
9696,3.728287697
9697,4.58166337
9698,4.02209425
9699,3.776545525
9700,4.112269878
9701,3.770315886
9702,3.911971569
9703,3.353222132
9704,2.27524817
9705,4.705657244
9706,3.94807291
9707,4.195498705
9708,3.662075043
9709,3.89925909
9710,4.206661701
9711,4.298000574
9712,3.315698624
9713,4.015649796
9714,3.723824024
9715,3.724761486
9716,3.861521482
9717,3.823234797
9718,4.07245636
9719,4.249102831
9720,3.977233171
9721,3.855823278
9722,4.12903595
9723,3.434814692
9724,4.300210476
9725,3.95737052
9726,2.578652024
9727,2.847301364
9728,3.0236938
9729,3.132746935
9730,4.111235857
9731,4.342352152
9732,4.21629858
9733,3.899256945
9734,3.847032547
9735,4.119337559
9736,3.616310358
9737,3.957393408
9738,4.01153183
9739,3.400904179
9740,4.484515667
9741,4.025432587
9742,3.716581345
9743,3.399356127
9744,3.852796316
9745,4.026712656
9746,3.879564285
9747,3.808987617
9748,4.305104733
9749,4.22046566
9750,2.645455003
9751,4.196991444
9752,4.217444897
9753,3.827388048
9754,4.178374052
9755,3.598119974
9756,4.209038258
9757,4.309725523
9758,3.852367878
9759,4.405887604
9760,3.717874527
9761,4.067964077
9762,4.333118677
9763,4.401510715
9764,3.930584908
9765,3.771108389
9766,3.501651764
9767,4.047246456
9768,4.097720385
9769,3.398857832
9770,4.580217838
9771,3.850165844
9772,3.825570583
9773,3.466756105
9774,3.223321915
9775,3.162700415
9776,4.161930323
9777,4.176846027
9778,3.804898977
9779,4.343744755
9780,3.631988049
9781,4.167418003
9782,3.835560322
9783,3.881987095
9784,3.565005779
9785,3.836991787
9786,3.372306347
9787,3.531658173
9788,3.524690866
9789,4.38231349
9790,4.026977539
9791,3.703915119
9792,3.921138763
9793,2.495186448
9794,4.003888845
9795,4.303923845
9796,3.426482201
9797,3.518275499
9798,4.145194292
9799,4.254909515
9800,3.947852373
9801,3.87315321
9802,4.267619371
9803,4.017160177
9804,3.973374367
9805,3.608035803
9806,4.757539272
9807,3.955218554
9808,4.251985073
9809,4.239176989
9810,4.340067863
9811,3.489593744
9812,4.241848946
9813,3.943640232
9814,3.515065432
9815,3.930338144
9816,3.635519981
9817,3.909811497
9818,3.845846176
9819,4.058365822
9820,3.709440708
9821,3.871542454
9822,4.169952393
9823,3.370713949
9824,3.655662775
9825,4.106607437
9826,3.736986876
9827,4.11618185
9828,4.140562296
9829,4.015011072
9830,3.722741365
9831,4.33198905
9832,3.919393301
9833,3.96277833
9834,4.810703278
9835,4.38822937
9836,4.106113672
9837,3.896768332
9838,4.598568439
9839,3.326682329
9840,4.428865194
9841,3.363784552
9842,4.095537901
9843,4.256486416
9844,4.19690752
9845,4.173657894
9846,3.596129179
9847,3.280504465
9848,4.196190834
9849,3.991937637
9850,4.709778547
9851,4.458462
9852,4.286358833
9853,3.138174772
9854,2.891729236
9855,4.035823345
9856,4.101951361
9857,4.277867556
9858,3.644315481
9859,4.217370272
9860,3.736628294
9861,4.239132166
9862,4.155741453
9863,4.047677517
9864,3.957283974
9865,3.876564741
9866,2.789135218
9867,3.979480743
9868,3.554562807
9869,3.963835955
9870,4.135915518
9871,4.147687435
9872,4.128368139
9873,3.441680431
9874,4.324960709
9875,4.369055033
9876,3.661695719
9877,4.655585289
9878,4.895141363
9879,3.857623577
9880,4.169336081
9881,4.146362782
9882,3.772009611
9883,3.704566717
9884,4.440946102
9885,4.147830486
9886,3.65835309
9887,4.363311291
9888,4.290719748
9889,3.866617203
9890,4.250709057
9891,3.473730564
9892,4.297923565
9893,4.667698383
9894,4.174281597
9895,4.173733711
9896,4.010239363
9897,4.248147726
9898,3.837597132
9899,4.315183163
9900,3.462322235
9901,3.796948433
9902,3.033693075
9903,4.068092823
9904,2.733287454
9905,4.048667669
9906,3.930037022
9907,4.291593313
9908,4.382022381
9909,3.807395697
9910,4.266177177
9911,3.540081024
9912,4.456508636
9913,4.293213844
9914,3.831246138
9915,4.486585617
9916,4.108342409
9917,3.10761261
9918,4.047307491
9919,4.102039814
9920,3.833906889
9921,4.129105568
9922,3.560816526
9923,4.202428102
9924,3.659159422
9925,3.867133379
9926,3.507049084
9927,4.1357584
9928,3.446416616
9929,4.341281176
9930,4.079655647
9931,4.144976854
9932,3.807789564
9933,3.837731361
9934,3.451368332
9935,2.333016992
9936,4.009220123
9937,4.454916716
9938,4.478963375
9939,3.897786379
9940,4.324153185
9941,3.528787851
9942,3.847703457
9943,3.925081968
9944,3.841117859
9945,4.514176369
9946,3.00950861
9947,4.07808876
9948,3.016307354
9949,4.383215427
9950,3.436086655
9951,3.80737114
9952,4.172994375
9953,3.922001362
9954,2.957812667
9955,4.096507072
9956,4.522321224
9957,4.300834179
9958,3.975298882
9959,4.43256712
9960,3.628593206
9961,4.492304325
9962,4.123494625
9963,2.586254239
9964,4.153990984
9965,4.072784662
9966,4.038180351
9967,4.759879351
9968,4.00033474
9969,4.410173416
9970,2.463711977
9971,4.024902821
9972,4.493771553
9973,3.5457623
9974,3.785493612
9975,4.381685257
9976,3.771484375
9977,4.352948904
9978,2.591154456
9979,3.773399591
9980,4.205384493
9981,3.890404701
9982,4.294504166
9983,4.03630662
9984,3.752553701
9985,4.108172178
9986,4.113591671
9987,4.302941799
9988,3.702997923
9989,2.823556781
9990,4.306740284
9991,3.811859608
9992,3.748676538
9993,3.95432806
9994,3.619353056
9995,3.781221867
9996,4.273596525
9997,4.237991333
9998,3.988526106
9999,3.844765186
10000,4.29857254
10001,4.273568869
10002,3.719816446
10003,3.90026474
10004,3.847334146
10005,3.535208225
10006,3.802442074
10007,2.596141934
10008,4.124814987
10009,4.313595057
10010,3.741498232
10011,3.769314051
10012,4.106250525
10013,3.709686756
10014,3.854287148
10015,4.433382034
10016,3.391475201
10017,3.688860655
10018,2.724505424
10019,2.915887594
10020,4.250361204
10021,4.017594099
10022,4.351164818
10023,4.074639559
10024,3.311257124
10025,3.67432189
10026,4.050233364
10027,3.352352858
10028,3.814489603
10029,4.518135548
10030,3.760544538
10031,3.706972361
10032,3.5665133
10033,3.928159475
10034,4.150263309
10035,4.033307791
10036,3.794893742
10037,4.247090101
10038,3.724200726
10039,3.893173456
10040,4.209047079
10041,4.409232616
10042,3.738197565
10043,4.425537348
10044,4.13686204
10045,4.049646616
10046,4.543299198
10047,3.540096045
10048,3.814690828
10049,4.265824318
10050,3.392780542
10051,4.277734756
10052,4.215291023
10053,4.152812958
10054,2.189737916
10055,2.697050214
10056,4.559860468
10057,3.840635777
10058,4.518890619
10059,3.709210157
10060,4.008208275
10061,4.084553957
10062,3.845167637
10063,4.116981268
10064,3.78898263
10065,3.568407774
10066,4.02407074
10067,3.986007929
10068,3.760386705
10069,3.70963788
10070,3.735373259
10071,4.316541195
10072,3.709849834
10073,4.113841295
10074,3.853196621
10075,3.865060806
10076,4.35502696
10077,4.24097538
10078,3.851977587
10079,3.974657536
10080,4.004894972
10081,4.017720699
10082,4.507676125
10083,3.899484396
10084,3.268288612
10085,3.605191946
10086,4.223415613
10087,4.567152977
10088,4.170380354
10089,2.276550055
10090,3.893724203
10091,4.299126148
10092,4.008523941
10093,4.045568705
10094,4.053098679
10095,4.226445198
10096,3.698189735
10097,3.6380198
10098,4.662736177
10099,3.764641047
10100,3.556598186
10101,3.46297121
10102,4.462100744
10103,4.015619993
10104,4.190799236
10105,3.979275703
10106,4.169143915
10107,3.442938805
10108,4.061874866
10109,3.913306236
10110,4.310014963
10111,4.562798738
10112,4.149525404
10113,4.098687172
10114,2.775096297
10115,4.215979338
10116,3.311393738
10117,4.68985343
10118,3.975087881
10119,3.645965815
10120,3.800070047
10121,4.156036854
10122,4.068356276
10123,3.61482358
10124,4.131806612
10125,2.43682313
10126,3.616452694
10127,3.664089918
10128,3.757052898
10129,3.956148148
10130,3.991969824
10131,4.325906515
10132,4.130458117
10133,3.591811419
10134,3.415059566
10135,3.669443369
10136,4.188183546
10137,2.681772947
10138,3.952493668
10139,4.230625629
10140,4.33501482
10141,3.957225561
10142,3.153679609
10143,4.243467093
10144,3.710611105
10145,3.906675339
10146,4.163315773
10147,4.515062332
10148,3.825178862
10149,4.053083897
10150,2.960919261
10151,4.455966473
10152,4.235126972
10153,3.694159985
10154,3.733415604
10155,3.643003702
10156,3.772325039
10157,3.951480389
10158,4.088397026
10159,3.901161432
10160,2.374433994
10161,4.024705887
10162,4.130812883
10163,4.00631547
10164,2.999316454
10165,4.632980824
10166,3.79866457
10167,3.554319859
10168,3.397138834
10169,3.631815434
10170,3.580334663
10171,3.78247261
10172,3.345047951
10173,4.028168201
10174,4.006370306
10175,4.003544569
10176,3.333968163
10177,4.103573084
10178,3.812696457
10179,3.805551052
10180,4.241541862
10181,4.224294662
10182,4.511545658
10183,3.37152195
10184,3.984199286
10185,4.124908447
10186,4.025486946
10187,3.898723602
10188,3.903095245
10189,3.958724737
10190,4.33352232
10191,3.918368816
10192,3.938832045
10193,4.1604743
10194,4.301297665
10195,4.105720758
10196,4.088916779
10197,4.489593029
10198,3.703233719
10199,3.795988798
10200,4.264446497
10201,4.178267479
10202,3.711326361
10203,4.047039747
10204,4.384628773
10205,3.854990721
10206,3.705385923
10207,3.834358692
10208,4.24678278
10209,3.396986961
10210,3.273406982
10211,3.70698905
10212,4.081640959
10213,4.370547295
10214,3.845310926
10215,3.984673262
10216,3.607765198
10217,4.014612675
10218,4.276608706
10219,3.959290504
10220,4.493191719
10221,3.794534445
10222,4.113120317
10223,3.560972452
10224,3.430169821
10225,3.922380447
10226,3.805538654
10227,3.717180729
10228,3.423168898
10229,3.81092
10230,3.77901125
10231,3.957476139
10232,4.248215914
10233,3.71761775
10234,3.838023186
10235,3.089894295
10236,4.885912657
10237,3.118146181
10238,3.689725637
10239,3.961368322
10240,2.135565877
10241,3.923139095
10242,4.063379288
10243,3.82723403
10244,3.875988245
10245,4.215235472
10246,4.399880886
10247,4.225112915
10248,3.673529625
10249,4.158701897
10250,3.942883492
10251,3.708223581
10252,3.966917753
10253,4.165659904
10254,3.582716703
10255,4.274247885
10256,3.737939835
10257,4.036069155
10258,4.393587351
10259,3.934604645
10260,4.239362001
10261,3.696305513
10262,3.976918936
10263,2.964302659
10264,4.309494257
10265,3.883990765
10266,3.943320751
10267,3.858355761
10268,4.162490845
10269,4.334054232
10270,3.353681087
10271,3.029847383
10272,4.371822596
10273,4.231124401
10274,4.379146814
10275,3.648276806
10276,4.293586493
10277,4.455751419
10278,4.325413227
10279,3.93416667
10280,4.492551327
10281,4.371003151
10282,3.880715132
10283,3.895467281
10284,4.182045937
10285,4.781523943
10286,4.438598633
10287,2.997705698
10288,4.109782219
10289,4.232671738
10290,3.635732651
10291,3.966132641
10292,4.069508553
10293,3.622954607
10294,3.674491167
10295,4.256196499
10296,4.718427896
10297,4.03477931
10298,3.196832895
10299,4.189947844
10300,3.865728855
10301,4.198350906
10302,4.192592621
10303,3.45088315
10304,4.237753391
10305,4.082775593
10306,3.626385927
10307,4.190778732
10308,4.25944519
10309,3.886525154
10310,3.049607992
10311,3.940813541
10312,3.342476606
10313,3.701227427
10314,4.413767099
10315,3.969809294
10316,4.142524481
10317,3.630734205
10318,3.715224743
10319,4.196642637
10320,3.889368057
10321,4.158151865
10322,4.150951385
10323,4.28423357
10324,4.141891479
10325,3.713100433
10326,3.852632046
10327,4.020867586
10328,4.152659178
10329,3.135258198
10330,3.608288288
10331,4.07651186
10332,4.117379189
10333,4.049044609
10334,3.6692276
10335,4.249987602
10336,4.196650982
10337,4.278497219
10338,2.519411445
10339,4.506082535
10340,4.025841951
10341,4.331454515
10342,3.960622787
10343,4.235955954
10344,3.398669958
10345,3.376808643
10346,3.908463001
10347,3.746395826
10348,3.405079365
10349,4.418797493
10350,3.250166416
10351,3.743442535
10352,4.060577154
10353,3.536488056
10354,4.246290445
10355,3.843770981
10356,2.564562201
10357,3.811186552
10358,4.250628471
10359,3.102269411
10360,3.921713114
10361,3.834200382
10362,3.697987318
10363,4.174052477
10364,3.98516202
10365,3.950316906
10366,2.604952216
10367,3.423083782
10368,3.712757587
10369,3.977713346
10370,4.335876942
10371,3.689332008
10372,4.480515718
10373,4.340513706
10374,3.60695219
10375,4.066675425
10376,4.050608158
10377,4.414393663
10378,3.156764269
10379,4.254938126
10380,4.358702183
10381,4.364160061
10382,4.108601332
10383,4.542382717
10384,4.00255847
10385,3.918357611
10386,3.627902508
10387,4.394695759
10388,3.683686256
10389,4.201538563
10390,2.800338626
10391,2.644991279
10392,3.555840015
10393,4.08611989
10394,4.029275894
10395,3.938891649
10396,4.121372938
10397,4.271471262
10398,1.966752946
10399,3.269782782
10400,3.934392452
10401,4.481769085
10402,4.313711405
10403,4.443297863
10404,4.146357775
10405,4.311738968
10406,4.174325705
10407,3.964041471
10408,3.24164772
10409,4.15342021
10410,4.09384346
10411,4.12498188
10412,3.936777115
10413,4.171954632
10414,4.083671093
10415,3.59610796
10416,3.415610075
10417,2.261162996
10418,4.359517336
10419,3.490541458
10420,3.822936296
10421,3.904291153
10422,3.597830534
10423,3.943758488
10424,4.210140705
10425,3.710603714
10426,3.524404764
10427,4.155291557
10428,1.911623538
10429,4.015625954
10430,4.13599658
10431,3.946199894
10432,4.431361675
10433,4.481854439
10434,4.15576148
10435,4.052372932
10436,5.012662888
10437,3.899281263
10438,4.125385046
10439,3.815944195
10440,3.946167469
10441,3.902013302
10442,4.048455954
10443,4.01748395
10444,3.614242315
10445,3.941549778
10446,3.885270596
10447,3.847782612
10448,4.143759012
10449,4.434756994
10450,4.26347065
10451,3.614369869
10452,3.985556602
10453,3.694178581
10454,4.412820816
10455,3.805296183
10456,4.080107212
10457,4.441028357
10458,4.570264339
10459,4.337705612
10460,4.423062801
10461,4.00655508
10462,3.841729403
10463,3.8500247
10464,2.346959233
10465,4.125694513
10466,4.180165768
10467,3.688697577
10468,3.888718367
10469,3.840359211
10470,4.166365862
10471,3.794068813
10472,4.224994898
10473,4.240419626
10474,3.404303074
10475,4.074834347
10476,3.608430624
10477,4.066968918
10478,3.960378408
10479,4.443405151
10480,3.962166786
10481,4.054792166
10482,3.887128353
10483,4.508879662
10484,4.372992277
10485,4.099298477
10486,4.013216972
10487,3.458401203
10488,3.986622095
10489,4.219435215
10490,4.094596624
10491,3.980280161
10492,4.340190649
10493,3.669728518
10494,3.872407675
10495,4.232123613
10496,4.256244421
10497,3.751330376
10498,3.99976325
10499,3.801523209
10500,4.428439856
10501,4.184840679
10502,4.022423267
10503,4.09935832
10504,4.277291059
10505,4.334912777
10506,3.984008551
10507,4.260434389
10508,3.971316576
10509,3.781091213
10510,3.499362707
10511,3.299985647
10512,3.983451843
10513,3.033960104
10514,4.04711175
10515,4.173799276
10516,3.908382893
10517,4.352181196
10518,3.941954851
10519,4.062438726
10520,3.921680689
10521,4.267636061
10522,3.996911526
10523,3.831172705
10524,4.42583847
10525,3.605561495
10526,3.930320024
10527,3.548210859
10528,3.779848814
10529,3.79505825
10530,4.869743824
10531,3.914310455
10532,4.142544508
10533,3.293903828
10534,4.212832928
10535,3.652533054
10536,3.541149139
10537,3.458873034
10538,4.04998517
10539,4.714876175
10540,3.133442402
10541,3.403542995
10542,3.883852482
10543,4.066409826
10544,4.263673067
10545,3.582478285
10546,4.469439983
10547,3.749867916
10548,3.983051777
10549,4.010619164
10550,4.160703421
10551,3.564027309
10552,3.796476603
10553,4.145659924
10554,4.620733261
10555,3.799935579
10556,3.063980103
10557,4.09223628
10558,3.3101511
10559,4.100200176
10560,3.205256939
10561,3.617316484
10562,2.301512837
10563,2.482549548
10564,3.887638807
10565,3.34272337
10566,3.187018633
10567,4.290316582
10568,4.325918674
10569,3.818689346
10570,3.152114153
10571,2.994829774
10572,4.134651423
10573,3.976284981
10574,3.985737801
10575,3.687257767
10576,3.736947536
10577,4.466914177
10578,3.292993069
10579,3.530382872
10580,3.173290968
10581,2.798410177
10582,3.34183073
10583,4.33114171
10584,3.92443037
10585,4.075403214
10586,3.687098026
10587,4.078351736
10588,4.000030994
10589,3.794076681
10590,3.696813107
10591,4.500249386
10592,3.791612148
10593,3.584758043
10594,4.201472998
10595,4.558095217
10596,4.052168608
10597,4.156954288
10598,3.343813896
10599,3.648109674
10600,4.00055337
10601,3.925236225
10602,4.162795305
10603,4.174841642
10604,4.26741457
10605,4.177882433
10606,3.713511705
10607,4.40130043
10608,4.194078922
10609,4.42065382
10610,4.024889946
10611,3.944209814
10612,4.097636938
10613,3.567130804
10614,4.04935503
10615,3.532302856
10616,2.550658345
10617,3.743294239
10618,3.686300516
10619,4.033889532
10620,4.444285631
10621,4.072706699
10622,3.980724812
10623,3.669657946
10624,3.356127262
10625,3.859506845
10626,3.396224737
10627,4.211363792
10628,4.253898859
10629,4.033790588
10630,4.117541313
10631,3.32554841
10632,4.002850056
10633,3.907634497
10634,4.512651443
10635,4.240424156
10636,3.446279526
10637,4.218100309
10638,4.112434626
10639,3.005298376
10640,4.236293793
10641,4.031598806
10642,3.324150562
10643,3.763554573
10644,4.236790419
10645,3.818927288
10646,3.630508423
10647,4.447349072
10648,3.993275642
10649,3.966601372
10650,4.375286102
10651,4.181110859
10652,3.129466295
10653,3.926530361
10654,2.703957081
10655,3.5005126
10656,4.27030921
10657,4.091158628
10658,4.333862543
10659,3.561579704
10660,4.337946892
10661,3.800578594
10662,4.031983376
10663,3.828806162
10664,4.245672464
10665,2.377429366
10666,3.677257061
10667,3.850646496
10668,3.972153425
10669,1.734648168
10670,4.843010664
10671,3.571044683
10672,3.834880829
10673,4.284920216
10674,4.130681753
10675,3.475587845
10676,3.188678741
10677,4.544516802
10678,4.050381422
10679,3.836662292
10680,3.748026848
10681,4.183913946
10682,3.790384293
10683,4.356529236
10684,4.018742561
10685,3.529216528
10686,3.811460733
10687,3.976557732
10688,2.209173679
10689,3.430761576
10690,3.189918518
10691,4.234494448
10692,4.373509169
10693,3.58311367
10694,3.363710403
10695,4.236299515
10696,3.942718029
10697,3.775876522
10698,4.017612934
10699,4.315843105
10700,4.197859287
10701,4.190202236
10702,3.95456028
10703,3.899264336
10704,4.090955734
10705,3.905609369
10706,3.984293938
10707,3.96407342
10708,4.112087488
10709,4.523899078
10710,3.886819124
10711,3.487011194
10712,2.429740667
10713,3.98541522
10714,3.859019518
10715,3.927412271
10716,4.824332237
10717,4.257992983
10718,4.239923
10719,4.045936108
10720,3.89572382
10721,3.849605083
10722,3.976385832
10723,4.513322115
10724,2.847048759
10725,3.87319994
10726,4.441862583
10727,3.823956966
10728,4.006901264
10729,3.715844154
10730,4.160716534
10731,3.894910097
10732,4.556845427
10733,3.346455097
10734,3.864162683
10735,4.11490345
10736,2.70318985
10737,3.662418365
10738,4.253348351
10739,4.215847969
10740,3.937670946
10741,2.67940712
10742,3.589203358
10743,4.048758268
10744,4.225124121
10745,1.759400904
10746,4.151306868
10747,4.424551964
10748,4.117635489
10749,4.149593592
10750,4.079532385
10751,3.853609562
10752,4.216163874
10753,4.334501982
10754,3.845279217
10755,3.937041759
10756,3.81666708
10757,4.019726038
10758,3.629980564
10759,4.065653086
10760,3.742053509
10761,4.235756874
10762,3.50099802
10763,3.952832937
10764,4.300978422
10765,3.958999157
10766,4.041048288
10767,4.588958025
10768,4.24764967
10769,4.062595129
10770,1.821170747
10771,4.241007805
10772,3.853086233
10773,4.084818363
10774,3.664955854
10775,3.319073677
10776,3.783062696
10777,4.476433516
10778,4.141619444
10779,3.712172508
10780,3.922523499
10781,3.47511363
10782,3.744415283
10783,4.219064713
10784,3.817997456
10785,3.398324966
10786,4.135915995
10787,4.625693321
10788,4.707550287
10789,3.705715179
10790,3.757225752
10791,3.630653381
10792,4.43955636
10793,3.624036074
10794,3.950039387
10795,3.931599617
10796,3.507510185
10797,2.624873757
10798,3.990133286
10799,3.673218966
10800,4.265060425
10801,3.468025208
10802,3.390210152
10803,3.931035519
10804,3.614268064
10805,4.435923815
10806,3.982995272
10807,3.680781603
10808,3.556277275
10809,4.11475873
10810,4.196923494
10811,4.2333076
10812,4.341943979
10813,3.934017897
10814,4.100064754
10815,4.152138233
10816,4.528758049
10817,3.892148733
10818,2.589944005
10819,4.137639046
10820,3.728091478
10821,3.970139265
10822,4.526690245
10823,4.429324627
10824,4.865134716
10825,3.762928009
10826,3.877236605
10827,3.561649323
10828,3.827782154
10829,4.081750393
10830,3.775144815
10831,4.015342236
10832,3.938386679
10833,4.194620848
10834,2.362415671
10835,3.690793991
10836,3.643876076
10837,4.084209442
10838,3.30139184
10839,3.650828123
10840,3.957869053
10841,4.598187685
10842,3.837100029
10843,3.712352753
10844,4.123101473
10845,4.160097361
10846,2.188070178
10847,3.781699657
10848,3.523903131
10849,3.808383703
10850,4.073143244
10851,3.779057264
10852,4.01379776
10853,4.156942368
10854,2.521021366
10855,3.571084499
10856,4.328482628
10857,4.029486418
10858,4.163897276
10859,4.037935019
10860,3.984281778
10861,4.288204432
10862,3.910576105
10863,3.716303825
10864,4.026825428
10865,3.798858643
10866,4.526683569
10867,4.232741356
10868,3.410690308
10869,3.408313036
10870,3.707820177
10871,3.210059881
10872,3.732805967
10873,4.282953978
10874,3.57060504
10875,4.235552073
10876,3.80153513
10877,3.890572548
10878,4.538267374
10879,3.8826406
10880,4.081472158
10881,3.793189049
10882,4.204209089
10883,4.505031824
10884,4.765712261
10885,4.055723429
10886,3.91310215
10887,3.554825544
10888,3.66872716
10889,4.177326441
10890,2.787421823
10891,4.552504539
10892,4.239230394
10893,4.05464077
10894,3.873695612
10895,4.486113548
10896,4.342716455
10897,3.881995201
10898,3.657277346
10899,3.561218023
10900,4.3955369
10901,4.126001835
10902,3.907099247
10903,4.091878414
10904,3.931727886
10905,3.532693386
10906,3.509168148
10907,3.903859138
10908,4.271944046
10909,3.744860649
10910,4.632211685
10911,4.102463245
10912,3.507109165
10913,4.02097249
10914,4.087304592
10915,3.75452137
10916,4.051120996
10917,4.42184186
10918,3.444641113
10919,3.665186882
10920,4.0149858
10921,3.246640921
10922,4.38197279
10923,4.057617664
10924,3.902197838
10925,3.958507776
10926,2.361796618
10927,3.867837429
10928,4.083864689
10929,4.543011904
10930,4.273180723
10931,4.120310545
10932,4.004095554
10933,3.166286707
10934,4.059838057
10935,2.74612546
10936,4.0996387
10937,3.416380882
10938,3.197002649
10939,4.696917772
10940,3.999214172
10941,3.907870531
10942,3.756210327
10943,3.754169941
10944,2.830016971
10945,2.448903799
10946,3.967024565
10947,4.291210175
10948,3.966714144
10949,4.471091747
10950,4.241064787
10951,3.706023932
10952,4.072746992
10953,3.814540625
10954,3.94477272
10955,3.256984472
10956,3.537884235
10957,3.969644308
10958,4.355810642
10959,4.009973764
10960,4.469915152
10961,4.118770361
10962,4.049836159
10963,3.472916603
10964,3.916265726
10965,3.509954453
10966,4.046561003
10967,4.158994675
10968,4.946935415